{"cameraMode":{"drawMode":0,"name":"Shaded","section":"Shading Mode"},"sceneLighting":false,"audioPlay":false,"sceneViewState":{"showFog":false,"showMaterialUpdate":false,"showSkybox":true,"showFlares":false,"showImageEffects":false,"showParticleSystems":false},"in2DMode":false,"pivot":{"x":86.82537841796875,"y":-117.80674743652344,"z":276.90252685546877},"rotation":{"x":0.330507755279541,"y":0.6331851482391357,"z":-0.343038946390152,"w":0.6100537180900574},"size":206.68080139160157,"orthographic":false}