{"cameraMode":{"drawMode":0,"name":"Shaded","section":"Shading Mode"},"sceneLighting":false,"audioPlay":false,"sceneViewState":{"showFog":false,"showMaterialUpdate":false,"showSkybox":true,"showFlares":false,"showImageEffects":false,"showParticleSystems":false},"in2DMode":false,"pivot":{"x":9.522782325744629,"y":0.17486239969730378,"z":2.160055637359619},"rotation":{"x":0.10749109089374542,"y":0.6750947833061218,"z":-0.10038043558597565,"w":0.7229222059249878},"size":17.64695930480957,"orthographic":false}