{"cameraMode":{"drawMode":0,"name":"Shaded","section":"Shading Mode"},"sceneLighting":false,"audioPlay":false,"sceneViewState":{"showFog":false,"showMaterialUpdate":false,"showSkybox":true,"showFlares":false,"showImageEffects":false,"showParticleSystems":false},"in2DMode":false,"pivot":{"x":0.007905721664428711,"y":1.9181878566741944,"z":-0.05729246139526367},"rotation":{"x":-0.060203667730093,"y":0.9085123538970947,"z":-0.1406630128622055,"w":-0.3888378143310547},"size":11.610381126403809,"orthographic":false}