{"cameraMode":{"drawMode":0,"name":"Shaded","section":"Shading Mode"},"sceneLighting":false,"audioPlay":false,"sceneViewState":{"showFog":false,"showMaterialUpdate":false,"showSkybox":true,"showFlares":false,"showImageEffects":false,"showParticleSystems":false},"in2DMode":false,"pivot":{"x":16.399999618530275,"y":14.020000457763672,"z":63.7599983215332},"rotation":{"x":0.18995237350463868,"y":0.7058840990066528,"z":-0.2061232030391693,"w":0.6505067944526672},"size":13.225759506225586,"orthographic":false}