{"cameraMode":{"drawMode":0,"name":"Shaded","section":"Shading Mode"},"sceneLighting":false,"audioPlay":false,"sceneViewState":{"showFog":false,"showMaterialUpdate":false,"showSkybox":true,"showFlares":false,"showImageEffects":false,"showParticleSystems":false},"in2DMode":false,"pivot":{"x":-0.0038174688816070558,"y":0.7672750949859619,"z":0.10838478803634644},"rotation":{"x":0.18995237350463868,"y":0.7058840990066528,"z":-0.2061232030391693,"w":0.6505067944526672},"size":5.33865213394165,"orthographic":false}