{"cameraMode":{"drawMode":0,"name":"Shaded","section":"Shading Mode"},"sceneLighting":false,"audioPlay":false,"sceneViewState":{"showFog":false,"showMaterialUpdate":false,"showSkybox":true,"showFlares":false,"showImageEffects":false,"showParticleSystems":false},"in2DMode":false,"pivot":{"x":4.9812469482421879,"y":2.0,"z":0.3235442042350769},"rotation":{"x":-0.004693907685577869,"y":0.9817736744880676,"z":-0.18841546773910523,"w":-0.024455584585666658},"size":12.014860153198243,"orthographic":false}