{"cameraMode":{"drawMode":0,"name":"Shaded","section":"Shading Mode"},"sceneLighting":false,"audioPlay":false,"sceneViewState":{"showFog":false,"showMaterialUpdate":false,"showSkybox":true,"showFlares":false,"showImageEffects":false,"showParticleSystems":false},"in2DMode":false,"pivot":{"x":-0.12875282764434815,"y":1.75,"z":0.3958873152732849},"rotation":{"x":0.06036762520670891,"y":0.9383323192596436,"z":-0.21388070285320283,"w":0.26484599709510805},"size":11.89708423614502,"orthographic":false}