{"cameraMode":{"drawMode":0,"name":"Shaded","section":"Shading Mode"},"sceneLighting":false,"audioPlay":false,"sceneViewState":{"showFog":false,"showMaterialUpdate":false,"showSkybox":true,"showFlares":false,"showImageEffects":false,"showParticleSystems":false},"in2DMode":false,"pivot":{"x":-0.17148637771606446,"y":2.5,"z":0.7067766189575195},"rotation":{"x":0.0033004959113895895,"y":0.9763256907463074,"z":-0.21576422452926637,"w":0.014935269951820374},"size":17.15205192565918,"orthographic":false}