{"cameraMode":{"drawMode":0,"name":"Shaded","section":"Shading Mode"},"sceneLighting":false,"audioPlay":false,"sceneViewState":{"showFog":false,"showMaterialUpdate":false,"showSkybox":true,"showFlares":false,"showImageEffects":false,"showParticleSystems":false},"in2DMode":false,"pivot":{"x":-0.17148637771606446,"y":1.75,"z":0.7067766189575195},"rotation":{"x":0.061212487518787387,"y":0.9056923389434815,"z":-0.1402266025543213,"w":0.39536187052726748},"size":15.852869987487793,"orthographic":false}