{"cameraMode":{"drawMode":0,"name":"Shaded","section":"Shading Mode"},"sceneLighting":false,"audioPlay":false,"sceneViewState":{"showFog":false,"showMaterialUpdate":false,"showSkybox":true,"showFlares":false,"showImageEffects":false,"showParticleSystems":false},"in2DMode":false,"pivot":{"x":-0.009544014930725098,"y":1.7905607223510743,"z":0.37028396129608157},"rotation":{"x":-0.004693907685577869,"y":0.9817736744880676,"z":-0.18841546773910523,"w":-0.024455584585666658},"size":12.184418678283692,"orthographic":false}