{"cameraMode":{"drawMode":0,"name":"Shaded","section":"Shading Mode"},"sceneLighting":false,"audioPlay":false,"sceneViewState":{"showFog":false,"showMaterialUpdate":false,"showSkybox":true,"showFlares":false,"showImageEffects":false,"showParticleSystems":false},"in2DMode":false,"pivot":{"x":-2.2404582500457765,"y":-0.7859452366828919,"z":-1.2883319854736329},"rotation":{"x":-0.06408693641424179,"y":0.7686315774917603,"z":-0.0779808759689331,"w":-0.6316781640052795},"size":5.445234775543213,"orthographic":false}