{"cameraMode":{"drawMode":0,"name":"Shaded","section":"Shading Mode"},"sceneLighting":true,"audioPlay":false,"sceneViewState":{"showFog":false,"showMaterialUpdate":false,"showSkybox":true,"showFlares":false,"showImageEffects":false,"showParticleSystems":false},"in2DMode":false,"pivot":{"x":63.298561096191409,"y":10.749625205993653,"z":73.5818862915039},"rotation":{"x":0.0033004959113895895,"y":0.9763256907463074,"z":-0.21576422452926637,"w":0.014935269951820374},"size":40.469112396240237,"orthographic":false}