{"cameraMode":{"drawMode":0,"name":"Shaded","section":"Shading Mode"},"sceneLighting":false,"audioPlay":false,"sceneViewState":{"showFog":false,"showMaterialUpdate":false,"showSkybox":true,"showFlares":false,"showImageEffects":false,"showParticleSystems":false},"in2DMode":false,"pivot":{"x":-0.022044211626052858,"y":1.0842796564102173,"z":0.2467559576034546},"rotation":{"x":0.0059650070033967499,"y":-0.10778823494911194,"z":0.0006467374041676521,"w":0.9941558241844177},"size":6.635715484619141,"orthographic":true}