{"cameraMode":{"drawMode":0,"name":"Shaded","section":"Shading Mode"},"sceneLighting":false,"audioPlay":false,"sceneViewState":{"showFog":false,"showMaterialUpdate":false,"showSkybox":true,"showFlares":false,"showImageEffects":false,"showParticleSystems":false},"in2DMode":false,"pivot":{"x":-0.1574796736240387,"y":0.0038177967071533205,"z":0.0},"rotation":{"x":0.13731345534324647,"y":0.7086180448532105,"z":-0.143723726272583,"w":0.6770147681236267},"size":5.529858589172363,"orthographic":false}