{"cameraMode":{"drawMode":0,"name":"Shaded","section":"Shading Mode"},"sceneLighting":false,"audioPlay":false,"sceneViewState":{"showFog":false,"showMaterialUpdate":false,"showSkybox":true,"showFlares":false,"showImageEffects":false,"showParticleSystems":false},"in2DMode":false,"pivot":{"x":-0.1287527084350586,"y":1.75,"z":0.39588725566864016},"rotation":{"x":0.06036762520670891,"y":0.9383323192596436,"z":-0.21388070285320283,"w":0.26484599709510805},"size":11.897082328796387,"orthographic":false}