{"cameraMode":{"drawMode":0,"name":"Shaded","section":"Shading Mode"},"sceneLighting":false,"audioPlay":false,"sceneViewState":{"showFog":false,"showMaterialUpdate":false,"showSkybox":true,"showFlares":false,"showImageEffects":false,"showParticleSystems":false},"in2DMode":false,"pivot":{"x":-0.022044330835342408,"y":1.0842795372009278,"z":0.2467559576034546},"rotation":{"x":0.14010672271251679,"y":-0.6744161248207092,"z":0.13257861137390138,"w":0.7127103209495544},"size":6.635715484619141,"orthographic":false}