{"cameraMode":{"drawMode":0,"name":"Shaded","section":"Shading Mode"},"sceneLighting":false,"audioPlay":false,"sceneViewState":{"showFog":false,"showMaterialUpdate":false,"showSkybox":true,"showFlares":false,"showImageEffects":false,"showParticleSystems":false},"in2DMode":false,"pivot":{"x":9.053576469421387,"y":-6.132256984710693,"z":-20.84355926513672},"rotation":{"x":0.029735740274190904,"y":0.9693815112113953,"z":-0.1920768916606903,"w":0.15007264912128449},"size":46.494300842285159,"orthographic":false}