{"cameraMode":{"drawMode":0,"name":"Shaded","section":"Shading Mode"},"sceneLighting":false,"audioPlay":false,"sceneViewState":{"showFog":false,"showMaterialUpdate":false,"showSkybox":true,"showFlares":false,"showImageEffects":false,"showParticleSystems":false},"in2DMode":false,"pivot":{"x":-0.009544014930725098,"y":1.7905607223510743,"z":0.37028396129608157},"rotation":{"x":-0.060203667730093,"y":0.9085123538970947,"z":-0.1406630128622055,"w":-0.3888378143310547},"size":12.184418678283692,"orthographic":false}