{"cameraMode":{"drawMode":0,"name":"Shaded","section":"Shading Mode"},"sceneLighting":false,"audioPlay":false,"sceneViewState":{"showFog":false,"showMaterialUpdate":false,"showSkybox":true,"showFlares":false,"showImageEffects":false,"showParticleSystems":false},"in2DMode":false,"pivot":{"x":3.1531145572662355,"y":-1.2397454977035523,"z":-2.882035255432129},"rotation":{"x":0.09160750359296799,"y":0.879015326499939,"z":-0.18791498243808747,"w":0.4285185933113098},"size":15.826150894165039,"orthographic":false}