{"cameraMode":{"drawMode":0,"name":"Shaded","section":"Shading Mode"},"sceneLighting":false,"audioPlay":false,"sceneViewState":{"showFog":false,"showMaterialUpdate":false,"showSkybox":true,"showFlares":false,"showImageEffects":false,"showParticleSystems":false},"in2DMode":false,"pivot":{"x":16.723543167114259,"y":16.020000457763673,"z":71.52875518798828},"rotation":{"x":0.06036762520670891,"y":0.9383323192596436,"z":-0.21388070285320283,"w":0.26484599709510805},"size":12.014860153198243,"orthographic":false}