{"cameraMode":{"drawMode":0,"name":"Shaded","section":"Shading Mode"},"sceneLighting":false,"audioPlay":false,"sceneViewState":{"showFog":false,"showMaterialUpdate":false,"showSkybox":true,"showFlares":false,"showImageEffects":false,"showParticleSystems":false},"in2DMode":false,"pivot":{"x":0.3259289264678955,"y":2.4969642162323,"z":0.6168899536132813},"rotation":{"x":0.029735740274190904,"y":0.9693815112113953,"z":-0.1920768916606903,"w":0.15007264912128449},"size":16.211530685424806,"orthographic":false}