{"cameraMode":{"drawMode":0,"name":"Shaded","section":"Shading Mode"},"sceneLighting":false,"audioPlay":false,"sceneViewState":{"showFog":false,"showMaterialUpdate":false,"showSkybox":true,"showFlares":false,"showImageEffects":false,"showParticleSystems":false},"in2DMode":false,"pivot":{"x":-0.003817439079284668,"y":0.7672750949859619,"z":0.10838466882705689},"rotation":{"x":0.1066887155175209,"y":0.7471469044685364,"z":-0.12372544407844544,"w":0.6442678570747376},"size":5.33865213394165,"orthographic":false}