{"cameraMode":{"drawMode":0,"name":"Shaded","section":"Shading Mode"},"sceneLighting":false,"audioPlay":false,"sceneViewState":{"showFog":false,"showMaterialUpdate":false,"showSkybox":true,"showFlares":false,"showImageEffects":false,"showParticleSystems":false},"in2DMode":false,"pivot":{"x":78.3685073852539,"y":-122.67935180664063,"z":311.3572082519531},"rotation":{"x":0.2935104966163635,"y":0.2995174527168274,"z":-0.097399041056633,"w":0.902582049369812},"size":93.66854095458985,"orthographic":false}