{"cameraMode":{"drawMode":0,"name":"Shaded","section":"Shading Mode"},"sceneLighting":false,"audioPlay":false,"sceneViewState":{"showFog":false,"showMaterialUpdate":false,"showSkybox":true,"showFlares":false,"showImageEffects":false,"showParticleSystems":false},"in2DMode":false,"pivot":{"x":0.1616288423538208,"y":2.6034436225891115,"z":0.6168899536132813},"rotation":{"x":0.061212487518787387,"y":0.9056923389434815,"z":-0.1402266025543213,"w":0.39536187052726748},"size":15.816106796264649,"orthographic":false}