{"cameraMode":{"drawMode":0,"name":"Shaded","section":"Shading Mode"},"sceneLighting":false,"audioPlay":false,"sceneViewState":{"showFog":false,"showMaterialUpdate":false,"showSkybox":true,"showFlares":false,"showImageEffects":false,"showParticleSystems":false},"in2DMode":false,"pivot":{"x":2.381176471710205,"y":-0.436801552772522,"z":1.11320161819458},"rotation":{"x":0.10720953345298767,"y":0.5801225900650024,"z":-0.07738297432661057,"w":0.8037261962890625},"size":5.374218463897705,"orthographic":false}