{"cameraMode":{"drawMode":0,"name":"Shaded","section":"Shading Mode"},"sceneLighting":false,"audioPlay":false,"sceneViewState":{"showFog":false,"showMaterialUpdate":false,"showSkybox":true,"showFlares":false,"showImageEffects":false,"showParticleSystems":false},"in2DMode":false,"pivot":{"x":1.9444763660430909,"y":0.36455821990966799,"z":-1.5794079303741456},"rotation":{"x":0.07543446868658066,"y":0.9150597453117371,"z":-0.20280848443508149,"w":0.34035882353782656},"size":5.996424198150635,"orthographic":false}